-- ============================================================
--  Online Food Delivery System — MySQL 8.x
--  Database : food_delivery_db
--  Charset  : utf8mb4 / utf8mb4_unicode_ci
--  Author   : FoodExpress Team
-- ============================================================

SET FOREIGN_KEY_CHECKS = 0;

DROP DATABASE IF EXISTS food_delivery_db;
CREATE DATABASE food_delivery_db CHARACTER SET utf8mb4 COLLATE utf8mb4_unicode_ci;
USE food_delivery_db;

CREATE TABLE users (
    user_id    INT            NOT NULL AUTO_INCREMENT,
    full_name  VARCHAR(100)   NOT NULL,
    email      VARCHAR(100)   NOT NULL,
    password   VARCHAR(255)   NOT NULL,
    phone      VARCHAR(15),
    address    TEXT,
    role       ENUM('CUSTOMER','ADMIN') NOT NULL DEFAULT 'CUSTOMER',
    created_at TIMESTAMP      NOT NULL DEFAULT CURRENT_TIMESTAMP,
    PRIMARY KEY (user_id),
    UNIQUE KEY uq_users_email (email)
) ENGINE=InnoDB DEFAULT CHARSET=utf8mb4 COLLATE=utf8mb4_unicode_ci;

CREATE TABLE restaurants (
    restaurant_id INT             NOT NULL AUTO_INCREMENT,
    name          VARCHAR(150)    NOT NULL,
    description   TEXT,
    cuisine_type  VARCHAR(100),
    address       TEXT,
    phone         VARCHAR(15),
    image_url     VARCHAR(255),
    rating        DECIMAL(2,1)    NOT NULL DEFAULT 0.0,
    delivery_time VARCHAR(50),
    delivery_fee  DECIMAL(6,2)    NOT NULL DEFAULT 0.00,
    opening_hours VARCHAR(100)    DEFAULT '10:00 AM - 11:00 PM',
    min_order     DECIMAL(6,2)    DEFAULT 149.00,
    offer_banner  VARCHAR(255)    DEFAULT '🔥 Flat 20% OFF above ₹299',
    is_active     BOOLEAN         NOT NULL DEFAULT TRUE,
    created_at    TIMESTAMP       NOT NULL DEFAULT CURRENT_TIMESTAMP,
    PRIMARY KEY (restaurant_id)
) ENGINE=InnoDB DEFAULT CHARSET=utf8mb4 COLLATE=utf8mb4_unicode_ci;

CREATE TABLE food_items (
    food_id       INT           NOT NULL AUTO_INCREMENT,
    restaurant_id INT           NOT NULL,
    name          VARCHAR(150)  NOT NULL,
    description   TEXT,
    price         DECIMAL(10,2) NOT NULL,
    category      VARCHAR(100),
    image_url     VARCHAR(255),
    is_available  BOOLEAN       NOT NULL DEFAULT TRUE,
    is_veg        BOOLEAN       NOT NULL DEFAULT TRUE,
    created_at    TIMESTAMP     NOT NULL DEFAULT CURRENT_TIMESTAMP,
    PRIMARY KEY (food_id),
    CONSTRAINT fk_food_restaurant FOREIGN KEY (restaurant_id) REFERENCES restaurants (restaurant_id) ON DELETE CASCADE
) ENGINE=InnoDB DEFAULT CHARSET=utf8mb4 COLLATE=utf8mb4_unicode_ci;

CREATE TABLE cart (
    cart_id    INT       NOT NULL AUTO_INCREMENT,
    user_id       INT       NOT NULL,
    restaurant_id INT       DEFAULT NULL,
    created_at TIMESTAMP NOT NULL DEFAULT CURRENT_TIMESTAMP,
    PRIMARY KEY (cart_id),
    UNIQUE KEY uq_cart_user (user_id),
    CONSTRAINT fk_cart_user FOREIGN KEY (user_id) REFERENCES users (user_id) ON DELETE CASCADE
) ENGINE=InnoDB DEFAULT CHARSET=utf8mb4 COLLATE=utf8mb4_unicode_ci;

CREATE TABLE cart_items (
    cart_item_id INT NOT NULL AUTO_INCREMENT,
    cart_id      INT NOT NULL,
    food_id      INT NOT NULL,
    quantity     INT NOT NULL DEFAULT 1,
    PRIMARY KEY (cart_item_id),
    UNIQUE KEY unique_cart_food (cart_id, food_id),
    CONSTRAINT fk_cartitem_cart FOREIGN KEY (cart_id) REFERENCES cart (cart_id) ON DELETE CASCADE,
    CONSTRAINT fk_cartitem_food FOREIGN KEY (food_id) REFERENCES food_items (food_id) ON DELETE CASCADE
) ENGINE=InnoDB DEFAULT CHARSET=utf8mb4 COLLATE=utf8mb4_unicode_ci;

CREATE TABLE orders (
    order_id         INT           NOT NULL AUTO_INCREMENT,
    user_id          INT           NOT NULL,
    total_amount     DECIMAL(10,2) NOT NULL,
    delivery_address TEXT          NOT NULL,
    status           VARCHAR(50)   NOT NULL DEFAULT 'PLACED',
    payment_method   ENUM('COD','UPI','CARD','WALLET') DEFAULT 'COD',
    gst_amount       DECIMAL(10,2) DEFAULT 0.00,
    delivery_fee     DECIMAL(10,2) DEFAULT 0.00,
    platform_fee     DECIMAL(10,2) DEFAULT 0.00,
    discount_amount  DECIMAL(10,2) DEFAULT 0.00,
    coupon_code      VARCHAR(50)   DEFAULT NULL,
    instructions     TEXT,
    created_at       TIMESTAMP     NOT NULL DEFAULT CURRENT_TIMESTAMP,
    updated_at       TIMESTAMP     NOT NULL DEFAULT CURRENT_TIMESTAMP ON UPDATE CURRENT_TIMESTAMP,
    PRIMARY KEY (order_id),
    CONSTRAINT fk_order_user FOREIGN KEY (user_id) REFERENCES users (user_id)
) ENGINE=InnoDB DEFAULT CHARSET=utf8mb4 COLLATE=utf8mb4_unicode_ci;

CREATE TABLE order_items (
    order_item_id INT           NOT NULL AUTO_INCREMENT,
    order_id      INT           NOT NULL,
    food_id       INT           NOT NULL,
    quantity      INT           NOT NULL,
    unit_price    DECIMAL(10,2) NOT NULL,
    PRIMARY KEY (order_item_id),
    CONSTRAINT fk_orderitem_order FOREIGN KEY (order_id) REFERENCES orders (order_id) ON DELETE CASCADE,
    CONSTRAINT fk_orderitem_food  FOREIGN KEY (food_id) REFERENCES food_items (food_id)
) ENGINE=InnoDB DEFAULT CHARSET=utf8mb4 COLLATE=utf8mb4_unicode_ci;

CREATE TABLE payments (
    payment_id     INT           NOT NULL AUTO_INCREMENT,
    order_id       INT           NOT NULL,
    user_id        INT           NOT NULL,
    amount         DECIMAL(10,2) NOT NULL,
    payment_method ENUM('COD','UPI','CARD') NOT NULL,
    transaction_id VARCHAR(100),
    status         ENUM('PENDING','SUCCESS','FAILED') NOT NULL DEFAULT 'PENDING',
    paid_at        TIMESTAMP     NOT NULL DEFAULT CURRENT_TIMESTAMP,
    PRIMARY KEY (payment_id),
    UNIQUE KEY uq_payment_order (order_id),
    CONSTRAINT fk_payment_order FOREIGN KEY (order_id) REFERENCES orders (order_id),
    CONSTRAINT fk_payment_user  FOREIGN KEY (user_id) REFERENCES users (user_id)
) ENGINE=InnoDB DEFAULT CHARSET=utf8mb4 COLLATE=utf8mb4_unicode_ci;

CREATE INDEX idx_food_restaurant ON food_items (restaurant_id);
CREATE INDEX idx_order_user      ON orders (user_id);
CREATE INDEX idx_order_status    ON orders (status);
CREATE INDEX idx_payment_order   ON payments (order_id);


CREATE TABLE coupons (
    coupon_id          INT NOT NULL AUTO_INCREMENT,
    code               VARCHAR(50) NOT NULL,
    description        VARCHAR(255),
    discount_type      ENUM('PERCENT','FLAT','FREE_DELIVERY') NOT NULL,
    discount_value     DECIMAL(10,2) NOT NULL DEFAULT 0.00,
    min_order_amount   DECIMAL(10,2) NOT NULL DEFAULT 0.00,
    max_discount       DECIMAL(10,2) NOT NULL DEFAULT 0.00,
    is_active          BOOLEAN NOT NULL DEFAULT TRUE,
    created_at         TIMESTAMP NOT NULL DEFAULT CURRENT_TIMESTAMP,
    PRIMARY KEY (coupon_id),
    UNIQUE KEY uq_coupons_code (code)
) ENGINE=InnoDB DEFAULT CHARSET=utf8mb4 COLLATE=utf8mb4_unicode_ci;

CREATE TABLE reviews (
    review_id     INT NOT NULL AUTO_INCREMENT,
    order_id      INT NOT NULL,
    user_id       INT NOT NULL,
    restaurant_id INT NOT NULL,
    food_id       INT DEFAULT NULL,
    rating        INT NOT NULL,
    comment       TEXT,
    created_at    TIMESTAMP NOT NULL DEFAULT CURRENT_TIMESTAMP,
    PRIMARY KEY (review_id),
    CONSTRAINT fk_rev_order FOREIGN KEY (order_id) REFERENCES orders (order_id) ON DELETE CASCADE,
    CONSTRAINT fk_rev_user FOREIGN KEY (user_id) REFERENCES users (user_id) ON DELETE CASCADE,
    CONSTRAINT fk_rev_rest FOREIGN KEY (restaurant_id) REFERENCES restaurants (restaurant_id) ON DELETE CASCADE
) ENGINE=InnoDB DEFAULT CHARSET=utf8mb4 COLLATE=utf8mb4_unicode_ci;

INSERT INTO coupons (code, description, discount_type, discount_value, min_order_amount, max_discount, is_active) VALUES
('WELCOME50', 'Get 50% OFF up to ₹100 on your first order above ₹199', 'PERCENT', 50.00, 199.00, 100.00, 1),
('FOOD100', 'Flat ₹100 OFF on delicious feasts above ₹399', 'FLAT', 100.00, 399.00, 100.00, 1),
('FREEDEL', 'Free Delivery on all orders above ₹149', 'FREE_DELIVERY', 30.00, 149.00, 30.00, 1);

INSERT INTO users (full_name, email, password, phone, address, role) VALUES
('Admin User', 'admin@food.com', '$2a$12$K9sYaA4lgb6k3.LGNKxhA.0KSHX0g9WIW9aQHjz5pVSjCcFwT3NG', '9000000001', 'FoodExpress HQ, MG Road, Bangalore - 560001', 'ADMIN'),
('Rahul Sharma', 'rahul@food.com', '$2a$12$mPl9q7jZ6.1pJBz5g9LKs.F0rCkByZ2Gm0KJQ7cPLh4.h2BEf8MJq', '9876543210', '42, Koramangala 5th Block, Bangalore - 560095', 'CUSTOMER'),
('Priya Patel', 'priya@food.com', '$2a$12$9t5aGJ4YL2Q7kPBm1RKPde2f.LH8c3c4jY4N5gWb0r9kBZf.I9Tei', '9845001234', '17, Indiranagar 12th Main, Bangalore - 560038', 'CUSTOMER'),
('Arjun Nair', 'arjun@food.com', '$2a$12$fJQP3GkYyj5.GRHzBpbgNuv2fMj7r.7T9a3lJwkj8P2h1.VZ4Y0Qa', '9731122334', '8, HSR Layout Sector 2, Bangalore - 560102', 'CUSTOMER'),
('Neha Singh', 'neha@food.com', '$2a$12$8b0FhVZ.JHuMVKrPy6kBL.qM9UJo8j0X4cH8l7XgBbSA3fRqK0DuW', '9688776655', '23, Whitefield Main Road, Bangalore - 560066', 'CUSTOMER'),
('Test Customer', 'test@food.com', '$2a$12$5KyNxeJ.HZf7JoGH8Rz1c.PL2Vq2aM4Tm7RFiO8D9VgcHbKxhyLWS', '9500012345', '5, Electronic City Phase 1, Bangalore - 560100', 'CUSTOMER');

INSERT INTO restaurants (restaurant_id, name, description, cuisine_type, address, phone, image_url, rating, delivery_time, delivery_fee, is_active, opening_hours, min_order, offer_banner) VALUES
(1, "Spice Garden", "Authentic North Indian cuisine with rich gravies, tandoor specialities, and freshly baked breads. A family favourite since 2010.", "North Indian", "12, Brigade Road, Bangalore - 560001", '08041234567', 'assets/images/restaurant/spice_garden.jpg', 4.5, '25-35 mins', 30.00, 1, '10:00 AM - 11:00 PM', 149.00, '🔥 Flat 20% OFF above ₹299'),
(2, "Pizza Palace", "Wood-fired pizzas and handmade pasta crafted with imported Italian ingredients. Experience Italy in Bangalore.", "Italian, Pizza", "78, Church Street, Bangalore - 560001", '08043216789', 'assets/images/restaurant/pizza_palace.jpg', 4.3, '30-40 mins', 40.00, 1, '10:00 AM - 11:00 PM', 149.00, '🔥 Flat 20% OFF above ₹299'),
(3, "Dragon Wok", "Indo-Chinese fusion at its finest \u2014 wok-tossed noodles, flavourful rice dishes, and sizzling appetisers.", "Chinese, Indo-Chinese", "34, Residency Road, Bangalore - 560025", '08044567890', 'assets/images/restaurant/dragon_wok.jpg', 4.1, '20-30 mins', 25.00, 1, '10:00 AM - 11:00 PM', 149.00, '🔥 Flat 20% OFF above ₹299'),
(4, "Burger Hub", "Thick, juicy burgers made from fresh, never-frozen patties. Paired with crispy fries and creamy milkshakes.", "American, Fast Food", "56, Cunningham Road, Bangalore - 560052", '08046789012', 'assets/images/restaurant/burger_hub.jpg', 4.7, '15-25 mins', 20.00, 1, '10:00 AM - 11:00 PM', 149.00, '🔥 Flat 20% OFF above ₹299'),
(5, "McDonald's", "I'm Lovin' It. Iconic burgers, world-famous crispy fries, wraps, and refreshing McCafe beverages.", "Fast Food, Burgers", "MG Road, Bangalore - 560001", '08011112222', 'assets/images/restaurant/mcdonalds.jpg', 4.4, '15-25 mins', 25.00, 1, '10:00 AM - 11:00 PM', 149.00, '🔥 Flat 20% OFF above ₹299'),
(6, "KFC", "Finger Lickin' Good. World-famous signature crispy fried chicken, hot zinger burgers, and popcorn buckets.", "Fast Food, Chicken", "Indiranagar 100ft Road, Bangalore - 560038", '08022223333', 'assets/images/restaurant/kfc.jpg', 4.3, '20-30 mins', 30.00, 1, '10:00 AM - 11:00 PM', 149.00, '🔥 Flat 20% OFF above ₹299'),
(7, "Pizza Hut", "Tastiest Pan Pizzas with cheesy crusts, garlic breadsticks, and freshly baked Italian pastas.", "Pizza, Fast Food", "Koramangala 6th Block, Bangalore - 560095", '08033334444', 'assets/images/restaurant/pizza_hut.jpg', 4.2, '25-35 mins', 35.00, 1, '10:00 AM - 11:00 PM', 149.00, '🔥 Flat 20% OFF above ₹299'),
(8, "Domino's", "India's favourite hot & fresh pizzas delivered in 30 minutes. Choco lava cakes and garlic bread.", "Pizza, Italian", "HSR Layout Sector 1, Bangalore - 560102", '08044445555', 'assets/images/restaurant/dominos.jpg', 4.5, '20-30 mins', 20.00, 1, '10:00 AM - 11:00 PM', 149.00, '🔥 Flat 20% OFF above ₹299'),
(9, "Burger King", "Taste is King. Flame-grilled Whoppers, crispy veggie burgers, cheesy fries, and thick shakes.", "Burgers, Fast Food", "Whitefield Main Road, Bangalore - 560066", '08055556666', 'assets/images/restaurant/burger_king.jpg', 4.3, '20-30 mins', 25.00, 1, '10:00 AM - 11:00 PM', 149.00, '🔥 Flat 20% OFF above ₹299'),
(10, "Subway", "Eat Fresh. Customizable submarine sandwiches, nutritious multigrain wraps, fresh salads, and cookies.", "Healthy Food, Sandwiches", "Jayanagar 4th Block, Bangalore - 560011", '08066667777', 'assets/images/restaurant/subway.jpg', 4.4, '15-25 mins', 30.00, 1, '10:00 AM - 11:00 PM', 149.00, '🔥 Flat 20% OFF above ₹299'),
(11, "Starbucks", "Handcrafted signature espresso beverages, chilled Frappuccinos, artisanal coffees, and savoury savouries.", "Coffee, Bakery", "UB City, Vittal Mallya Road, Bangalore - 560001", '08077778888', 'assets/images/restaurant/starbucks.jpg', 4.8, '20-30 mins', 45.00, 1, '10:00 AM - 11:00 PM', 149.00, '🔥 Flat 20% OFF above ₹299'),
(12, "Meghana Foods", "Bangalore's legendary Andhra style boneless chicken biryani, fiery mutton curries, and rich starters.", "Biryani, Andhra", "Residency Road, Bangalore - 560025", '08088889999', 'assets/images/restaurant/meghana_foods.jpg', 4.8, '30-40 mins', 40.00, 1, '10:00 AM - 11:00 PM', 149.00, '🔥 Flat 20% OFF above ₹299'),
(13, "Empire Restaurant", "The iconic Bangalore culinary landmark famed for aromatic ghee rice, grilled kebabs, and butter chicken.", "North Indian, Biryani", "Church Street, Bangalore - 560001", '08099990000', 'assets/images/restaurant/empire_restaurant.jpg', 4.5, '25-35 mins', 30.00, 1, '10:00 AM - 11:00 PM', 149.00, '🔥 Flat 20% OFF above ₹299'),
(14, "Beijing Bites", "Authentic pan-Asian delicacy featuring sizzling dim sums, Thai green curries, and spicy schezwan noodles.", "Chinese, Thai", "JP Nagar 2nd Phase, Bangalore - 560078", '08010101010', 'assets/images/restaurant/beijing_bites.jpg', 4.2, '25-35 mins', 30.00, 1, '10:00 AM - 11:00 PM', 149.00, '🔥 Flat 20% OFF above ₹299'),
(15, "WOW Momo", "India's favourite momo destination. Steamed Darjeeling momos, pan-fried momos, moburgs, and thukpa.", "Momos, Tibetan", "Marathahalli Bridge, Bangalore - 560037", '08012121212', 'assets/images/restaurant/wow_momo.jpg', 4.3, '15-25 mins', 20.00, 1, '10:00 AM - 11:00 PM', 149.00, '🔥 Flat 20% OFF above ₹299'),
(16, "Baskin Robbins", "World's largest premium ice cream chain offering 31 delightful flavours, ice cream cakes, and sundaes.", "Desserts, Ice Cream", "Malleshwaram 8th Cross, Bangalore - 560003", '08013131313', 'assets/images/restaurant/baskin_robbins.jpg', 4.6, '15-20 mins', 25.00, 1, '10:00 AM - 11:00 PM', 149.00, '🔥 Flat 20% OFF above ₹299'),
(17, "California Burrito", "Fresh Mexican kitchen crafting wholesome burrito bowls, crispy tacos, loaded nachos, and churros.", "Mexican, Healthy", "Kalyan Nagar 80ft Road, Bangalore - 560043", '08014141414', 'assets/images/restaurant/california_burrito.jpg', 4.7, '20-30 mins', 35.00, 1, '10:00 AM - 11:00 PM', 149.00, '🔥 Flat 20% OFF above ₹299'),
(18, "Truffles", "Bangalore's beloved gourmet cafe celebrated for towering burgers, creamy pastas, steaks, and pastries.", "Cafe, American", "St. Marks Road, Bangalore - 560001", '08015151515', 'assets/images/restaurant/truffles.jpg', 4.9, '30-45 mins', 40.00, 1, '10:00 AM - 11:00 PM', 149.00, '🔥 Flat 20% OFF above ₹299'),
(19, "A2B", "Adyar Ananda Bhavan \u2014 Authentic South Indian pure-veg breakfasts, traditional filter coffee, and sweets.", "South Indian, Sweets", "BTM Layout 2nd Stage, Bangalore - 560076", '08016161616', 'assets/images/restaurant/a2b.jpg', 4.5, '20-30 mins', 25.00, 1, '10:00 AM - 11:00 PM', 149.00, '🔥 Flat 20% OFF above ₹299');

INSERT INTO food_items (food_id, restaurant_id, name, description, price, category, image_url, is_available, is_veg) VALUES
(1, 1, "Butter Chicken", "Tender chicken pieces slow-cooked in a velvety tomato-butter gravy with aromatic spices.", 280.00, "Main Course", 'assets/images/menu/butter_chicken.jpg', 1, 0),
(2, 1, "Dal Makhani", "Whole black lentils simmered overnight with cream, butter, and a blend of spices.", 180.00, "Main Course", 'assets/images/menu/dal_makhani.jpg', 1, 1),
(3, 1, "Paneer Tikka", "Cottage cheese cubes marinated in spiced yoghurt and grilled to perfection in a tandoor.", 220.00, "Starter", 'assets/images/menu/paneer_tikka.jpg', 1, 1),
(4, 1, "Garlic Naan", "Soft, fluffy tandoor-baked flatbread generously topped with fresh garlic and butter.", 40.00, "Bread", 'assets/images/menu/garlic_naan.jpg', 1, 1),
(5, 1, "Chicken Biryani", "Fragrant basmati rice layered with spiced chicken, fried onions, and saffron. Served with raita.", 320.00, "Rice", 'assets/images/menu/chicken_biryani.jpg', 1, 0),
(6, 1, "Mango Lassi", "Chilled, creamy yoghurt drink blended with ripe Alphonso mangoes and a hint of cardamom.", 80.00, "Beverage", 'assets/images/menu/mango_lassi.jpg', 1, 1),
(7, 2, "Margherita Pizza", "Classic Italian pizza with San Marzano tomato sauce, fresh mozzarella, and basil on a thin crust.", 350.00, "Pizza", 'assets/images/menu/margherita_pizza.jpg', 1, 1),
(8, 2, "Pepperoni Pizza", "Loaded with premium pepperoni slices over rich tomato sauce and melted mozzarella.", 450.00, "Pizza", 'assets/images/menu/pepperoni_pizza.jpg', 1, 0),
(9, 2, "Pasta Alfredo", "Al dente fettuccine tossed in a rich, creamy Parmesan Alfredo sauce. A true Italian classic.", 280.00, "Pasta", 'assets/images/menu/pasta_alfredo.jpg', 1, 1),
(10, 2, "Garlic Bread", "Toasted ciabatta slices slathered with herb-garlic butter. Perfect as a starter or side.", 120.00, "Sides", 'assets/images/menu/garlic_bread.jpg', 1, 1),
(11, 2, "Tiramisu", "Classic Italian dessert with espresso-soaked ladyfingers layered with mascarpone cream.", 180.00, "Dessert", 'assets/images/menu/tiramisu.jpg', 1, 1),
(12, 2, "Coke", "Ice-cold Coca-Cola to refresh your palate. Available in 330ml can.", 60.00, "Beverage", 'assets/images/menu/coke.jpg', 1, 1),
(13, 3, "Hakka Noodles", "Wok-tossed noodles with fresh vegetables, soy sauce, and chilli in the signature Hakka style.", 180.00, "Noodles", 'assets/images/menu/hakka_noodles.jpg', 1, 1),
(14, 3, "Vegetable Fried Rice", "Fluffy wok-fried rice with seasonal vegetables, eggs (optional, 0), and a dash of sesame oil.", 160.00, "Rice", 'assets/images/menu/vegetable_fried_rice.jpg', 1, 0),
(15, 3, "Gobi Manchurian", "Crispy cauliflower florets tossed in a tangy, spicy Manchurian sauce garnished with spring onion.", 200.00, "Starter", 'assets/images/menu/gobi_manchurian.jpg', 1, 1),
(16, 3, "Veg Spring Rolls", "Golden, crispy rolls stuffed with stir-fried cabbage, carrots, and noodles. Served with chilli dip.", 140.00, "Starter", 'assets/images/menu/veg_spring_rolls.jpg', 1, 1),
(17, 3, "Hot & Sour Soup", "A warming, tangy soup brimming with mushrooms, tofu, and vegetables in a silky broth.", 120.00, "Soup", 'assets/images/menu/hot_sour_soup.jpg', 1, 1),
(18, 3, "Chilli Paneer", "Succulent paneer cubes stir-fried with bell peppers and onions in a fiery Indo-Chinese sauce.", 220.00, "Main Course", 'assets/images/menu/chilli_paneer.jpg', 1, 1),
(19, 4, "Classic Burger", "A juicy beef patty with lettuce, tomato, onion, and our signature sauce in a toasted brioche bun.", 180.00, "Burger", 'assets/images/menu/classic_burger.jpg', 1, 1),
(20, 4, "Cheese Burger", "Double cheddar-smothered beef patty with pickles and mustard. Indulgently good.", 220.00, "Burger", 'assets/images/menu/cheese_burger.jpg', 1, 1),
(21, 4, "Chicken Burger", "Crispy fried chicken fillet with coleslaw and sriracha mayo. A spicy twist on a classic.", 250.00, "Burger", 'assets/images/menu/chicken_burger.jpg', 1, 0),
(22, 4, "French Fries", "Perfectly salted, golden shoestring fries. Crispy outside, fluffy inside.", 90.00, "Sides", 'assets/images/menu/french_fries.jpg', 1, 1),
(23, 4, "Onion Rings", "Beer-battered onion rings fried to a glorious golden crunch. Served with dipping sauce.", 100.00, "Sides", 'assets/images/menu/onion_rings.jpg', 1, 1),
(24, 4, "Classic Milkshake", "Thick, creamy milkshake in Chocolate, Vanilla, or Strawberry. Made with real ice cream.", 150.00, "Beverage", 'assets/images/menu/classic_milkshake.jpg', 1, 1),
(25, 1, "Mutton Rogan Josh", "Kashmiri style aromatic mutton curry cooked with intense red spices.", 380.00, "Main Course", 'assets/images/menu/mutton_rogan_josh.jpg', 1, 0),
(26, 1, "Tandoori Chicken", "Charcoal grilled chicken marinated in yoghurt and royal tandoori masala.", 300.00, "Starter", 'assets/images/menu/tandoori_chicken.jpg', 1, 0),
(27, 1, "Malai Kofta", "Melt in mouth cottage cheese dumplings simmered in rich creamy cashew gravy.", 240.00, "Main Course", 'assets/images/menu/malai_kofta.jpg', 1, 1),
(28, 1, "Jeera Rice", "Aromatic basmati rice lightly tempered with cumin seeds and pure ghee.", 140.00, "Rice", 'assets/images/menu/jeera_rice.jpg', 1, 1),
(29, 1, "Butter Naan", "Classic Indian tandoor bread brushed with generous amounts of salted butter.", 35.00, "Bread", 'assets/images/menu/butter_naan.jpg', 1, 1),
(30, 1, "Paneer Butter Masala", "Cottage cheese cooked in rich tomato and onion gravy finished with fenugreek.", 250.00, "Main Course", 'assets/images/menu/paneer_butter_masala.jpg', 1, 1),
(31, 1, "Gulab Jamun", "Soft fried milk dumplings soaked in cardamom infused warm sugar syrup.", 90.00, "Desserts", 'assets/images/menu/gulab_jamun.jpg', 1, 1),
(32, 1, "Rasmalai", "Delicate cottage cheese discs soaked in thickened sweetened saffron milk.", 110.00, "Desserts", 'assets/images/menu/rasmalai.jpg', 1, 1),
(33, 1, "Sweet Lassi", "Traditional Punjabi sweetened churned yoghurt topped with fresh malai.", 70.00, "Beverage", 'assets/images/menu/sweet_lassi.jpg', 1, 1),
(34, 1, "Masala Chaas", "Spiced buttermilk tempered with roasted cumin, ginger, and fresh coriander.", 50.00, "Beverage", 'assets/images/menu/masala_chaas.jpg', 1, 1),
(35, 1, "Veg Pulao", "Fragrant basmati rice tossed with assorted seasonal garden vegetables.", 180.00, "Rice", 'assets/images/menu/veg_pulao.jpg', 1, 1),
(36, 1, "Roti", "Whole wheat unleavened flatbread baked in traditional clay oven.", 25.00, "Bread", 'assets/images/menu/roti.jpg', 1, 1),
(37, 2, "Four Cheese Pizza", "Indulgent blend of Mozzarella, Gorgonzola, Parmesan, and Fontina cheese.", 480.00, "Pizza", 'assets/images/menu/four_cheese_pizza.jpg', 1, 1),
(38, 2, "BBQ Chicken Pizza", "Smoky barbecue sauce topped with grilled chicken breast and red onions.", 440.00, "Pizza", 'assets/images/menu/bbq_chicken_pizza.jpg', 1, 0),
(39, 2, "Farmhouse Pizza", "Loaded with crisp capsicum, juicy tomatoes, mushrooms, and sweet corn.", 390.00, "Pizza", 'assets/images/menu/farmhouse_pizza.jpg', 1, 1),
(40, 2, "Pesto Penne Pasta", "Penne tossed in fragrant homemade basil pesto sauce with pine nuts and olive oil.", 310.00, "Pasta", 'assets/images/menu/pesto_penne_pasta.jpg', 1, 1),
(41, 2, "Arrabbiata Pasta", "Spicy tomato and garlic sauce over al dente spaghetti finished with parsley.", 270.00, "Pasta", 'assets/images/menu/arrabbiata_pasta.jpg', 1, 1),
(42, 2, "Cheesy Garlic Bread", "Crispy French baguette baked with garlic butter and overflowing mozzarella.", 160.00, "Sides", 'assets/images/menu/cheesy_garlic_bread.jpg', 1, 1),
(43, 2, "Bruschetta", "Toasted sourdough topped with diced tomatoes, fresh basil, and balsamic glaze.", 190.00, "Sides", 'assets/images/menu/bruschetta.jpg', 1, 1),
(44, 2, "Panna Cotta", "Silky Italian vanilla cream dessert served with tangy berry compote.", 170.00, "Dessert", 'assets/images/menu/panna_cotta.jpg', 1, 1),
(45, 2, "Chocolate Lava Cake", "Warm decadent chocolate cake with a molten overflowing chocolate centre.", 150.00, "Dessert", 'assets/images/menu/chocolate_lava_cake.jpg', 1, 1),
(46, 2, "Virgin Mojito", "Refreshing mocktail of muddled fresh mint leaves, lime juice, and soda.", 110.00, "Beverage", 'assets/images/menu/virgin_mojito.jpg', 1, 1),
(47, 2, "Iced Peach Tea", "Chilled brewed black tea infused with sweet fragrant peach nectar.", 100.00, "Beverage", 'assets/images/menu/iced_peach_tea.jpg', 1, 1),
(48, 2, "Peri Peri Fries", "Crispy French fries dusted with fiery spicy African peri peri seasoning.", 130.00, "Sides", 'assets/images/menu/peri_peri_fries.jpg', 1, 1),
(49, 3, "Schezwan Chicken Noodles", "Fiery wok tossed noodles with shredded chicken and authentic spicy schezwan sauce.", 230.00, "Noodles", 'assets/images/menu/schezwan_chicken_noodles.jpg', 1, 0),
(50, 3, "Chicken Fried Rice", "Classic Chinese wok fried rice with tender chicken chunks and scallions.", 210.00, "Rice", 'assets/images/menu/chicken_fried_rice.jpg', 1, 0),
(51, 3, "Chilli Chicken Dry", "Crispy marinated chicken tossed with green chillies, garlic, and dark soy.", 260.00, "Starter", 'assets/images/menu/chilli_chicken_dry.jpg', 1, 0),
(52, 3, "Chicken Momos (8 pcs)", "Steamed delicate Tibetan dumplings stuffed with seasoned minced chicken.", 160.00, "Starter", 'assets/images/menu/chicken_momos.jpg', 1, 0),
(53, 3, "Veg Fried Momos", "Crispy pan fried vegetable momos served with fiery red garlic chutney.", 150.00, "Starter", 'assets/images/menu/veg_fried_momos.jpg', 1, 1),
(54, 3, "Sweet Corn Soup", "Comforting thick cream soup packed with tender sweet corn kernels.", 110.00, "Soup", 'assets/images/menu/sweet_corn_soup.jpg', 1, 1),
(55, 3, "Manchow Soup", "Spicy dark soy soup topped with crunchy fried noodle garnish.", 130.00, "Soup", 'assets/images/menu/manchow_soup.jpg', 1, 1),
(56, 3, "Kung Pao Chicken", "Szechuan stir fry chicken with peanuts, vegetables, and chilli peppers.", 280.00, "Main Course", 'assets/images/menu/kung_pao_chicken.jpg', 1, 0),
(57, 3, "Veg Manchurian Gravy", "Golden vegetable balls simmered in tangy ginger garlic coriander sauce.", 190.00, "Main Course", 'assets/images/menu/veg_manchurian_gravy.jpg', 1, 1),
(58, 3, "Lemon Iced Tea", "Freshly brewed chilled tea infused with tangy lemon juice.", 90.00, "Beverage", 'assets/images/menu/lemon_iced_tea.jpg', 1, 1),
(59, 3, "Ginger Ale", "Crisp bubbly carbonated beverage with authentic warming ginger kick.", 100.00, "Beverage", 'assets/images/menu/ginger_ale.jpg', 1, 1),
(60, 3, "Honey Chilli Potato", "Crispy fried potato fingers tossed in sticky sweet honey sesame chilli glaze.", 170.00, "Starter", 'assets/images/menu/honey_chilli_potato.jpg', 1, 1),
(61, 4, "BBQ Bacon Burger", "Crispy smoked bacon strips over juicy patty smothered in hickory barbecue sauce.", 290.00, "Burger", 'assets/images/menu/bbq_bacon_burger.jpg', 1, 1),
(62, 4, "Veggie Supreme Burger", "Crunchy potato and pea patty topped with melted cheese and chipotle mayo.", 170.00, "Burger", 'assets/images/menu/veggie_supreme_burger.jpg', 1, 0),
(63, 4, "Paneer King Burger", "Spicy crispy paneer patty with crisp jalapenos and tangy ranch dressing.", 210.00, "Burger", 'assets/images/menu/paneer_king_burger.jpg', 1, 1),
(64, 4, "Cheesy Loaded Fries", "Golden shoestring fries drenched in molten liquid cheddar and jalapeno bits.", 150.00, "Sides", 'assets/images/menu/cheesy_loaded_fries.jpg', 1, 1),
(65, 4, "Chicken Nuggets (6 pcs)", "Bite sized tender white chicken fried to golden crispy perfection.", 160.00, "Sides", 'assets/images/menu/chicken_nuggets.jpg', 1, 0),
(66, 4, "Mozzarella Sticks", "Crunchy Italian breadcrumb coated cheese sticks overflowing with gooey cheese.", 180.00, "Sides", 'assets/images/menu/mozzarella_sticks.jpg', 1, 1),
(67, 4, "Oreo Shake", "Rich vanilla ice cream blended with crushed crunchy Oreo chocolate cookies.", 180.00, "Beverage", 'assets/images/menu/oreo_shake.jpg', 1, 1),
(68, 4, "KitKat Thickshake", "Decadent chocolate shake blended with crispy wafer KitKat bars.", 190.00, "Beverage", 'assets/images/menu/kitkat_thickshake.jpg', 1, 1),
(69, 4, "Cold Coffee", "Chilled creamy blended espresso with milk and vanilla ice cream scoop.", 140.00, "Beverage", 'assets/images/menu/cold_coffee.jpg', 1, 1),
(70, 4, "Brownie Sundae", "Warm fudgy walnut brownie topped with vanilla ice cream and hot fudge.", 170.00, "Dessert", 'assets/images/menu/brownie_sundae.jpg', 1, 1),
(71, 4, "Churros with Choco Dip", "Crispy Spanish fried dough dusted with cinnamon sugar served with chocolate dip.", 150.00, "Dessert", 'assets/images/menu/churros_choco_dip.jpg', 1, 1),
(72, 4, "Red Bull", "Chilled energy drink can to recharge your day.", 130.00, "Beverage", 'assets/images/menu/red_bull.jpg', 1, 1),
(73, 5, "McChicken Burger", "Crispy chicken patty topped with mayonnaise and shredded lettuce.", 150.00, "Burgers", 'assets/images/menu/r5_item0.jpg', 1, 0),
(74, 5, "McVeggie Burger", "Delightful vegetable patty with wholesome spices and eggless mayo.", 130.00, "Burgers", 'assets/images/menu/r5_item1.jpg', 1, 0),
(75, 5, "Maharaja Mac Chicken", "Double decker chicken burger with jalapenos, onions, and habanero sauce.", 260.00, "Burgers", 'assets/images/menu/r5_item2.jpg', 1, 0),
(76, 5, "Filet-O-Fish", "Crispy fish fillet topped with tangy tartar sauce and half cheese slice.", 210.00, "Burgers", 'assets/images/menu/r5_item3.jpg', 1, 0),
(77, 5, "World Famous Fries (Large)", "Crispy, golden, perfectly salted French fries.", 120.00, "Sides", 'assets/images/menu/r5_item4.jpg', 1, 1),
(78, 5, "Peri Peri Shake Fries", "Hot crispy fries served with fiery spicy seasoning bag.", 140.00, "Sides", 'assets/images/menu/r5_item5.jpg', 1, 1),
(79, 5, "Chicken McNuggets (9 pcs)", "Crispy bite sized tempura battered chicken nuggets.", 220.00, "Sides", 'assets/images/menu/r5_item6.jpg', 1, 0),
(80, 5, "Big Spicy Paneer Wrap", "Rich crispy paneer patty wrapped with mustard and chipotle sauce.", 210.00, "Wraps", 'assets/images/menu/r5_item7.jpg', 1, 1),
(81, 5, "Big Spicy Chicken Wrap", "Crispy tender chicken strips wrapped with crunchy vegetables and spicy dip.", 230.00, "Wraps", 'assets/images/menu/r5_item8.jpg', 1, 0),
(82, 5, "McSpicy Fried Chicken", "Crunchy marinated fried chicken drumsticks with fiery coating.", 240.00, "Chicken", 'assets/images/menu/r5_item9.jpg', 1, 0),
(83, 5, "McFlurry Oreo", "Smooth velvety soft serve blended with crunchy Oreo cookie bits.", 130.00, "Desserts", 'assets/images/menu/r5_item10.jpg', 1, 1),
(84, 5, "Soft Serve Cone", "Classic creamy vanilla ice cream swirled in a crisp wafer cone.", 50.00, "Desserts", 'assets/images/menu/r5_item11.jpg', 1, 1),
(85, 5, "Chocolate Mocha", "Rich espresso blended with chocolate syrup and steamed milk.", 160.00, "Beverages", 'assets/images/menu/r5_item12.jpg', 1, 1),
(86, 5, "Iced Caramel Macchiato", "Chilled espresso poured over vanilla milk and sweet caramel drizzle.", 180.00, "Beverages", 'assets/images/menu/r5_item13.jpg', 1, 1),
(87, 5, "Coca Cola Large", "Refreshing chilled carbonated soft drink.", 80.00, "Beverages", 'assets/images/menu/r5_item14.jpg', 1, 1),
(88, 5, "Veg McMuffin", "Grilled toasted English muffin stacked with savoury veggie patty and cheese.", 110.00, "Breakfast", 'assets/images/menu/r5_item15.jpg', 1, 0),
(89, 5, "Hash Brown", "Crispy golden shredded potato patty fried to perfection.", 60.00, "Breakfast", 'assets/images/menu/r5_item16.jpg', 1, 1),
(90, 5, "Hot Fudge Sundae", "Vanilla soft serve smothered in rich warm chocolate fudge.", 110.00, "Desserts", 'assets/images/menu/r5_item17.jpg', 1, 1),
(91, 6, "Hot & Crispy Chicken (4 pcs)", "Signature KFC fried chicken marinated in spicy seasoning and fried golden.", 420.00, "Buckets", 'assets/images/menu/r6_item0.jpg', 1, 0),
(92, 6, "Peri Peri Chicken Bucket", "Crispy fried chicken tossed in fiery tangy African peri peri seasoning.", 460.00, "Buckets", 'assets/images/menu/r6_item1.jpg', 1, 0),
(93, 6, "Zinger Burger", "Signature crispy chicken fillet topped with fresh lettuce and colonel mayo.", 190.00, "Burgers", 'assets/images/menu/r6_item2.jpg', 1, 0),
(94, 6, "Tandoori Zinger Burger", "Crispy zinger fillet smothered in creamy smoky tandoori sauce.", 210.00, "Burgers", 'assets/images/menu/r6_item3.jpg', 1, 1),
(95, 6, "Veg Zinger Burger", "Crunchy vegetable patty topped with tangy zinger mayo and lettuce.", 170.00, "Burgers", 'assets/images/menu/r6_item4.jpg', 1, 1),
(96, 6, "Popcorn Chicken Large", "Bite sized crispy boneless chicken chunks seasoned with secret spices.", 230.00, "Snacks", 'assets/images/menu/r6_item5.jpg', 1, 0),
(97, 6, "Boneless Strips (6 pcs)", "Tender crispy boneless chicken strips served with tangy salsa dip.", 260.00, "Snacks", 'assets/images/menu/r6_item6.jpg', 1, 0),
(98, 6, "Smoky Red Chicken (2 pcs)", "Grilled marinated chicken drumsticks with smoky sweet barbecue glaze.", 240.00, "Chicken", 'assets/images/menu/r6_item7.jpg', 1, 0),
(99, 6, "Classic Medium Fries", "Crispy thick cut French fries seasoned with salt.", 100.00, "Sides", 'assets/images/menu/r6_item8.jpg', 1, 1),
(100, 6, "Choco Mud Pie", "Rich velvety chocolate dessert layered with crunchy chocolate crumbs.", 140.00, "Desserts", 'assets/images/menu/r6_item9.jpg', 1, 1),
(101, 6, "Pepsi Can", "Chilled refreshing carbonated cola beverage.", 60.00, "Beverages", 'assets/images/menu/r6_item10.jpg', 1, 1),
(102, 6, "Mirinda", "Sweet bubbly orange flavoured soft drink.", 60.00, "Beverages", 'assets/images/menu/r6_item11.jpg', 1, 1),
(103, 6, "7UP", "Crisp lemon lime chilled carbonated drink.", 60.00, "Beverages", 'assets/images/menu/r6_item12.jpg', 1, 1),
(104, 6, "Rice Bowlz Chicken", "Fluffy seasoned rice topped with popcorn chicken and spicy gravy.", 190.00, "Meals", 'assets/images/menu/r6_item13.jpg', 1, 0),
(105, 6, "Rice Bowlz Veg", "Spiced aromatic rice served with crispy veg patties and curry.", 160.00, "Meals", 'assets/images/menu/r6_item14.jpg', 1, 1),
(106, 6, "KFC Roll Chicken", "Warm tortilla rolled with crunchy chicken strips and spicy sauce.", 140.00, "Rolls", 'assets/images/menu/r6_item15.jpg', 1, 0),
(107, 6, "Chocolate Krushers", "Thick blended dairy beverage loaded with chocolate cookie bits.", 160.00, "Beverages", 'assets/images/menu/r6_item16.jpg', 1, 1),
(108, 6, "Cheese Slice Addon", "Extra slice of premium processed cheddar cheese.", 30.00, "Addons", 'assets/images/menu/r6_item17.jpg', 1, 1),
(109, 7, "Pizza Hut Speciality Dish 1", "Chef's signature special delicacy crafted with authentic spices.", 280.00, "Main Course", 'assets/images/menu/r7_item0.jpg', 1, 1),
(110, 7, "Pizza Hut Speciality Dish 2", "Popular customer favourite loaded with rich flavours.", 320.00, "Main Course", 'assets/images/menu/r7_item1.jpg', 1, 1),
(111, 7, "Crispy Starter", "Deep fried crunchy appetiser served with signature dipping sauce.", 190.00, "Starters", 'assets/images/menu/r7_item2.jpg', 1, 1),
(112, 7, "Deluxe Burger / Sandwich", "Toasted gourmet bun stacked with fresh patties and molten cheese.", 210.00, "Quick Bites", 'assets/images/menu/r7_item3.jpg', 1, 1),
(113, 7, "Loaded Pizza / Flatbread", "Freshly baked crust overflowing with premium toppings and cheese.", 380.00, "Main Course", 'assets/images/menu/r7_item4.jpg', 1, 1),
(114, 7, "Spicy Biryani / Rice Bowl", "Fragrant basmati rice slow cooked with aromatic herbs.", 290.00, "Rice", 'assets/images/menu/r7_item5.jpg', 1, 1),
(115, 7, "Hakka Noodles / Pasta", "Wok tossed noodles or Italian pasta smothered in rich sauce.", 230.00, "Noodles & Pasta", 'assets/images/menu/r7_item6.jpg', 1, 1),
(116, 7, "Crispy French Fries", "Golden shoestring fries seasoned with sea salt.", 110.00, "Sides", 'assets/images/menu/r7_item7.jpg', 1, 1),
(117, 7, "Garlic Bread / Roll", "Warm toasted bread infused with rich herb garlic butter.", 130.00, "Sides", 'assets/images/menu/r7_item8.jpg', 1, 1),
(118, 7, "Loaded Nachos / Wraps", "Crunchy tortilla chips or soft wraps stuffed with spicy fillings.", 200.00, "Snacks", 'assets/images/menu/r7_item9.jpg', 1, 1),
(119, 7, "Sweet Corn / Cream Soup", "Warming comforting bowl of freshly simmered broth.", 120.00, "Soups", 'assets/images/menu/r7_item10.jpg', 1, 1),
(120, 7, "Exotic Garden Salad", "Fresh crisp leafy greens tossed with cherry tomatoes and dressing.", 170.00, "Salads", 'assets/images/menu/r7_item11.jpg', 1, 1),
(121, 7, "Decadent Chocolate Cake", "Warm moist chocolate fudge cake slice.", 160.00, "Desserts", 'assets/images/menu/r7_item12.jpg', 1, 1),
(122, 7, "Creamy Ice Cream Scoop", "Double scoop of rich vanilla or chocolate dairy ice cream.", 120.00, "Desserts", 'assets/images/menu/r7_item13.jpg', 1, 1),
(123, 7, "Thick Chocolate Shake", "Creamy blended dairy milkshake topped with whipped cream.", 170.00, "Beverages", 'assets/images/menu/r7_item14.jpg', 1, 1),
(124, 7, "Handcrafted Iced Coffee", "Chilled brewed espresso poured over cold milk and ice.", 150.00, "Beverages", 'assets/images/menu/r7_item15.jpg', 1, 1),
(125, 7, "Fresh Lime Soda", "Refreshing fizzy drink of lime juice, sugar, salt, and soda.", 90.00, "Beverages", 'assets/images/menu/r7_item16.jpg', 1, 1),
(126, 7, "Chilled Soft Drink", "Standard refreshing 330ml carbonated beverage.", 60.00, "Beverages", 'assets/images/menu/r7_item17.jpg', 1, 1),
(127, 8, "Domino's Speciality Dish 1", "Chef's signature special delicacy crafted with authentic spices.", 280.00, "Main Course", 'assets/images/menu/r8_item0.jpg', 1, 1),
(128, 8, "Domino's Speciality Dish 2", "Popular customer favourite loaded with rich flavours.", 320.00, "Main Course", 'assets/images/menu/r8_item1.jpg', 1, 1),
(129, 8, "Crispy Starter", "Deep fried crunchy appetiser served with signature dipping sauce.", 190.00, "Starters", 'assets/images/menu/r8_item2.jpg', 1, 1),
(130, 8, "Deluxe Burger / Sandwich", "Toasted gourmet bun stacked with fresh patties and molten cheese.", 210.00, "Quick Bites", 'assets/images/menu/r8_item3.jpg', 1, 1),
(131, 8, "Loaded Pizza / Flatbread", "Freshly baked crust overflowing with premium toppings and cheese.", 380.00, "Main Course", 'assets/images/menu/r8_item4.jpg', 1, 1),
(132, 8, "Spicy Biryani / Rice Bowl", "Fragrant basmati rice slow cooked with aromatic herbs.", 290.00, "Rice", 'assets/images/menu/r8_item5.jpg', 1, 1),
(133, 8, "Hakka Noodles / Pasta", "Wok tossed noodles or Italian pasta smothered in rich sauce.", 230.00, "Noodles & Pasta", 'assets/images/menu/r8_item6.jpg', 1, 1),
(134, 8, "Crispy French Fries", "Golden shoestring fries seasoned with sea salt.", 110.00, "Sides", 'assets/images/menu/r8_item7.jpg', 1, 1),
(135, 8, "Garlic Bread / Roll", "Warm toasted bread infused with rich herb garlic butter.", 130.00, "Sides", 'assets/images/menu/r8_item8.jpg', 1, 1),
(136, 8, "Loaded Nachos / Wraps", "Crunchy tortilla chips or soft wraps stuffed with spicy fillings.", 200.00, "Snacks", 'assets/images/menu/r8_item9.jpg', 1, 1),
(137, 8, "Sweet Corn / Cream Soup", "Warming comforting bowl of freshly simmered broth.", 120.00, "Soups", 'assets/images/menu/r8_item10.jpg', 1, 1),
(138, 8, "Exotic Garden Salad", "Fresh crisp leafy greens tossed with cherry tomatoes and dressing.", 170.00, "Salads", 'assets/images/menu/r8_item11.jpg', 1, 1),
(139, 8, "Decadent Chocolate Cake", "Warm moist chocolate fudge cake slice.", 160.00, "Desserts", 'assets/images/menu/r8_item12.jpg', 1, 1),
(140, 8, "Creamy Ice Cream Scoop", "Double scoop of rich vanilla or chocolate dairy ice cream.", 120.00, "Desserts", 'assets/images/menu/r8_item13.jpg', 1, 1),
(141, 8, "Thick Chocolate Shake", "Creamy blended dairy milkshake topped with whipped cream.", 170.00, "Beverages", 'assets/images/menu/r8_item14.jpg', 1, 1),
(142, 8, "Handcrafted Iced Coffee", "Chilled brewed espresso poured over cold milk and ice.", 150.00, "Beverages", 'assets/images/menu/r8_item15.jpg', 1, 1),
(143, 8, "Fresh Lime Soda", "Refreshing fizzy drink of lime juice, sugar, salt, and soda.", 90.00, "Beverages", 'assets/images/menu/r8_item16.jpg', 1, 1),
(144, 8, "Chilled Soft Drink", "Standard refreshing 330ml carbonated beverage.", 60.00, "Beverages", 'assets/images/menu/r8_item17.jpg', 1, 1),
(145, 9, "Burger King Speciality Dish 1", "Chef's signature special delicacy crafted with authentic spices.", 280.00, "Main Course", 'assets/images/menu/r9_item0.jpg', 1, 1),
(146, 9, "Burger King Speciality Dish 2", "Popular customer favourite loaded with rich flavours.", 320.00, "Main Course", 'assets/images/menu/r9_item1.jpg', 1, 1),
(147, 9, "Crispy Starter", "Deep fried crunchy appetiser served with signature dipping sauce.", 190.00, "Starters", 'assets/images/menu/r9_item2.jpg', 1, 1),
(148, 9, "Deluxe Burger / Sandwich", "Toasted gourmet bun stacked with fresh patties and molten cheese.", 210.00, "Quick Bites", 'assets/images/menu/r9_item3.jpg', 1, 1),
(149, 9, "Loaded Pizza / Flatbread", "Freshly baked crust overflowing with premium toppings and cheese.", 380.00, "Main Course", 'assets/images/menu/r9_item4.jpg', 1, 1),
(150, 9, "Spicy Biryani / Rice Bowl", "Fragrant basmati rice slow cooked with aromatic herbs.", 290.00, "Rice", 'assets/images/menu/r9_item5.jpg', 1, 1),
(151, 9, "Hakka Noodles / Pasta", "Wok tossed noodles or Italian pasta smothered in rich sauce.", 230.00, "Noodles & Pasta", 'assets/images/menu/r9_item6.jpg', 1, 1),
(152, 9, "Crispy French Fries", "Golden shoestring fries seasoned with sea salt.", 110.00, "Sides", 'assets/images/menu/r9_item7.jpg', 1, 1),
(153, 9, "Garlic Bread / Roll", "Warm toasted bread infused with rich herb garlic butter.", 130.00, "Sides", 'assets/images/menu/r9_item8.jpg', 1, 1),
(154, 9, "Loaded Nachos / Wraps", "Crunchy tortilla chips or soft wraps stuffed with spicy fillings.", 200.00, "Snacks", 'assets/images/menu/r9_item9.jpg', 1, 1),
(155, 9, "Sweet Corn / Cream Soup", "Warming comforting bowl of freshly simmered broth.", 120.00, "Soups", 'assets/images/menu/r9_item10.jpg', 1, 1),
(156, 9, "Exotic Garden Salad", "Fresh crisp leafy greens tossed with cherry tomatoes and dressing.", 170.00, "Salads", 'assets/images/menu/r9_item11.jpg', 1, 1),
(157, 9, "Decadent Chocolate Cake", "Warm moist chocolate fudge cake slice.", 160.00, "Desserts", 'assets/images/menu/r9_item12.jpg', 1, 1),
(158, 9, "Creamy Ice Cream Scoop", "Double scoop of rich vanilla or chocolate dairy ice cream.", 120.00, "Desserts", 'assets/images/menu/r9_item13.jpg', 1, 1),
(159, 9, "Thick Chocolate Shake", "Creamy blended dairy milkshake topped with whipped cream.", 170.00, "Beverages", 'assets/images/menu/r9_item14.jpg', 1, 1),
(160, 9, "Handcrafted Iced Coffee", "Chilled brewed espresso poured over cold milk and ice.", 150.00, "Beverages", 'assets/images/menu/r9_item15.jpg', 1, 1),
(161, 9, "Fresh Lime Soda", "Refreshing fizzy drink of lime juice, sugar, salt, and soda.", 90.00, "Beverages", 'assets/images/menu/r9_item16.jpg', 1, 1),
(162, 9, "Chilled Soft Drink", "Standard refreshing 330ml carbonated beverage.", 60.00, "Beverages", 'assets/images/menu/r9_item17.jpg', 1, 1),
(163, 10, "Subway Speciality Dish 1", "Chef's signature special delicacy crafted with authentic spices.", 280.00, "Main Course", 'assets/images/menu/r10_item0.jpg', 1, 1),
(164, 10, "Subway Speciality Dish 2", "Popular customer favourite loaded with rich flavours.", 320.00, "Main Course", 'assets/images/menu/r10_item1.jpg', 1, 1),
(165, 10, "Crispy Starter", "Deep fried crunchy appetiser served with signature dipping sauce.", 190.00, "Starters", 'assets/images/menu/r10_item2.jpg', 1, 1),
(166, 10, "Deluxe Burger / Sandwich", "Toasted gourmet bun stacked with fresh patties and molten cheese.", 210.00, "Quick Bites", 'assets/images/menu/r10_item3.jpg', 1, 1),
(167, 10, "Loaded Pizza / Flatbread", "Freshly baked crust overflowing with premium toppings and cheese.", 380.00, "Main Course", 'assets/images/menu/r10_item4.jpg', 1, 1),
(168, 10, "Spicy Biryani / Rice Bowl", "Fragrant basmati rice slow cooked with aromatic herbs.", 290.00, "Rice", 'assets/images/menu/r10_item5.jpg', 1, 1),
(169, 10, "Hakka Noodles / Pasta", "Wok tossed noodles or Italian pasta smothered in rich sauce.", 230.00, "Noodles & Pasta", 'assets/images/menu/r10_item6.jpg', 1, 1),
(170, 10, "Crispy French Fries", "Golden shoestring fries seasoned with sea salt.", 110.00, "Sides", 'assets/images/menu/r10_item7.jpg', 1, 1),
(171, 10, "Garlic Bread / Roll", "Warm toasted bread infused with rich herb garlic butter.", 130.00, "Sides", 'assets/images/menu/r10_item8.jpg', 1, 1),
(172, 10, "Loaded Nachos / Wraps", "Crunchy tortilla chips or soft wraps stuffed with spicy fillings.", 200.00, "Snacks", 'assets/images/menu/r10_item9.jpg', 1, 1),
(173, 10, "Sweet Corn / Cream Soup", "Warming comforting bowl of freshly simmered broth.", 120.00, "Soups", 'assets/images/menu/r10_item10.jpg', 1, 1),
(174, 10, "Exotic Garden Salad", "Fresh crisp leafy greens tossed with cherry tomatoes and dressing.", 170.00, "Salads", 'assets/images/menu/r10_item11.jpg', 1, 1),
(175, 10, "Decadent Chocolate Cake", "Warm moist chocolate fudge cake slice.", 160.00, "Desserts", 'assets/images/menu/r10_item12.jpg', 1, 1),
(176, 10, "Creamy Ice Cream Scoop", "Double scoop of rich vanilla or chocolate dairy ice cream.", 120.00, "Desserts", 'assets/images/menu/r10_item13.jpg', 1, 1),
(177, 10, "Thick Chocolate Shake", "Creamy blended dairy milkshake topped with whipped cream.", 170.00, "Beverages", 'assets/images/menu/r10_item14.jpg', 1, 1),
(178, 10, "Handcrafted Iced Coffee", "Chilled brewed espresso poured over cold milk and ice.", 150.00, "Beverages", 'assets/images/menu/r10_item15.jpg', 1, 1),
(179, 10, "Fresh Lime Soda", "Refreshing fizzy drink of lime juice, sugar, salt, and soda.", 90.00, "Beverages", 'assets/images/menu/r10_item16.jpg', 1, 1),
(180, 10, "Chilled Soft Drink", "Standard refreshing 330ml carbonated beverage.", 60.00, "Beverages", 'assets/images/menu/r10_item17.jpg', 1, 1),
(181, 11, "Starbucks Speciality Dish 1", "Chef's signature special delicacy crafted with authentic spices.", 280.00, "Main Course", 'assets/images/menu/r11_item0.jpg', 1, 1),
(182, 11, "Starbucks Speciality Dish 2", "Popular customer favourite loaded with rich flavours.", 320.00, "Main Course", 'assets/images/menu/r11_item1.jpg', 1, 1),
(183, 11, "Crispy Starter", "Deep fried crunchy appetiser served with signature dipping sauce.", 190.00, "Starters", 'assets/images/menu/r11_item2.jpg', 1, 1),
(184, 11, "Deluxe Burger / Sandwich", "Toasted gourmet bun stacked with fresh patties and molten cheese.", 210.00, "Quick Bites", 'assets/images/menu/r11_item3.jpg', 1, 1),
(185, 11, "Loaded Pizza / Flatbread", "Freshly baked crust overflowing with premium toppings and cheese.", 380.00, "Main Course", 'assets/images/menu/r11_item4.jpg', 1, 1),
(186, 11, "Spicy Biryani / Rice Bowl", "Fragrant basmati rice slow cooked with aromatic herbs.", 290.00, "Rice", 'assets/images/menu/r11_item5.jpg', 1, 1),
(187, 11, "Hakka Noodles / Pasta", "Wok tossed noodles or Italian pasta smothered in rich sauce.", 230.00, "Noodles & Pasta", 'assets/images/menu/r11_item6.jpg', 1, 1),
(188, 11, "Crispy French Fries", "Golden shoestring fries seasoned with sea salt.", 110.00, "Sides", 'assets/images/menu/r11_item7.jpg', 1, 1),
(189, 11, "Garlic Bread / Roll", "Warm toasted bread infused with rich herb garlic butter.", 130.00, "Sides", 'assets/images/menu/r11_item8.jpg', 1, 1),
(190, 11, "Loaded Nachos / Wraps", "Crunchy tortilla chips or soft wraps stuffed with spicy fillings.", 200.00, "Snacks", 'assets/images/menu/r11_item9.jpg', 1, 1),
(191, 11, "Sweet Corn / Cream Soup", "Warming comforting bowl of freshly simmered broth.", 120.00, "Soups", 'assets/images/menu/r11_item10.jpg', 1, 1),
(192, 11, "Exotic Garden Salad", "Fresh crisp leafy greens tossed with cherry tomatoes and dressing.", 170.00, "Salads", 'assets/images/menu/r11_item11.jpg', 1, 1),
(193, 11, "Decadent Chocolate Cake", "Warm moist chocolate fudge cake slice.", 160.00, "Desserts", 'assets/images/menu/r11_item12.jpg', 1, 1),
(194, 11, "Creamy Ice Cream Scoop", "Double scoop of rich vanilla or chocolate dairy ice cream.", 120.00, "Desserts", 'assets/images/menu/r11_item13.jpg', 1, 1),
(195, 11, "Thick Chocolate Shake", "Creamy blended dairy milkshake topped with whipped cream.", 170.00, "Beverages", 'assets/images/menu/r11_item14.jpg', 1, 1),
(196, 11, "Handcrafted Iced Coffee", "Chilled brewed espresso poured over cold milk and ice.", 150.00, "Beverages", 'assets/images/menu/r11_item15.jpg', 1, 1),
(197, 11, "Fresh Lime Soda", "Refreshing fizzy drink of lime juice, sugar, salt, and soda.", 90.00, "Beverages", 'assets/images/menu/r11_item16.jpg', 1, 1),
(198, 11, "Chilled Soft Drink", "Standard refreshing 330ml carbonated beverage.", 60.00, "Beverages", 'assets/images/menu/r11_item17.jpg', 1, 1),
(199, 12, "Meghana Foods Speciality Dish 1", "Chef's signature special delicacy crafted with authentic spices.", 280.00, "Main Course", 'assets/images/menu/r12_item0.jpg', 1, 1),
(200, 12, "Meghana Foods Speciality Dish 2", "Popular customer favourite loaded with rich flavours.", 320.00, "Main Course", 'assets/images/menu/r12_item1.jpg', 1, 1),
(201, 12, "Crispy Starter", "Deep fried crunchy appetiser served with signature dipping sauce.", 190.00, "Starters", 'assets/images/menu/r12_item2.jpg', 1, 1),
(202, 12, "Deluxe Burger / Sandwich", "Toasted gourmet bun stacked with fresh patties and molten cheese.", 210.00, "Quick Bites", 'assets/images/menu/r12_item3.jpg', 1, 1),
(203, 12, "Loaded Pizza / Flatbread", "Freshly baked crust overflowing with premium toppings and cheese.", 380.00, "Main Course", 'assets/images/menu/r12_item4.jpg', 1, 1),
(204, 12, "Spicy Biryani / Rice Bowl", "Fragrant basmati rice slow cooked with aromatic herbs.", 290.00, "Rice", 'assets/images/menu/r12_item5.jpg', 1, 1),
(205, 12, "Hakka Noodles / Pasta", "Wok tossed noodles or Italian pasta smothered in rich sauce.", 230.00, "Noodles & Pasta", 'assets/images/menu/r12_item6.jpg', 1, 1),
(206, 12, "Crispy French Fries", "Golden shoestring fries seasoned with sea salt.", 110.00, "Sides", 'assets/images/menu/r12_item7.jpg', 1, 1),
(207, 12, "Garlic Bread / Roll", "Warm toasted bread infused with rich herb garlic butter.", 130.00, "Sides", 'assets/images/menu/r12_item8.jpg', 1, 1),
(208, 12, "Loaded Nachos / Wraps", "Crunchy tortilla chips or soft wraps stuffed with spicy fillings.", 200.00, "Snacks", 'assets/images/menu/r12_item9.jpg', 1, 1),
(209, 12, "Sweet Corn / Cream Soup", "Warming comforting bowl of freshly simmered broth.", 120.00, "Soups", 'assets/images/menu/r12_item10.jpg', 1, 1),
(210, 12, "Exotic Garden Salad", "Fresh crisp leafy greens tossed with cherry tomatoes and dressing.", 170.00, "Salads", 'assets/images/menu/r12_item11.jpg', 1, 1),
(211, 12, "Decadent Chocolate Cake", "Warm moist chocolate fudge cake slice.", 160.00, "Desserts", 'assets/images/menu/r12_item12.jpg', 1, 1),
(212, 12, "Creamy Ice Cream Scoop", "Double scoop of rich vanilla or chocolate dairy ice cream.", 120.00, "Desserts", 'assets/images/menu/r12_item13.jpg', 1, 1),
(213, 12, "Thick Chocolate Shake", "Creamy blended dairy milkshake topped with whipped cream.", 170.00, "Beverages", 'assets/images/menu/r12_item14.jpg', 1, 1),
(214, 12, "Handcrafted Iced Coffee", "Chilled brewed espresso poured over cold milk and ice.", 150.00, "Beverages", 'assets/images/menu/r12_item15.jpg', 1, 1),
(215, 12, "Fresh Lime Soda", "Refreshing fizzy drink of lime juice, sugar, salt, and soda.", 90.00, "Beverages", 'assets/images/menu/r12_item16.jpg', 1, 1),
(216, 12, "Chilled Soft Drink", "Standard refreshing 330ml carbonated beverage.", 60.00, "Beverages", 'assets/images/menu/r12_item17.jpg', 1, 1),
(217, 13, "Empire Restaurant Speciality Dish 1", "Chef's signature special delicacy crafted with authentic spices.", 280.00, "Main Course", 'assets/images/menu/r13_item0.jpg', 1, 1),
(218, 13, "Empire Restaurant Speciality Dish 2", "Popular customer favourite loaded with rich flavours.", 320.00, "Main Course", 'assets/images/menu/r13_item1.jpg', 1, 1),
(219, 13, "Crispy Starter", "Deep fried crunchy appetiser served with signature dipping sauce.", 190.00, "Starters", 'assets/images/menu/r13_item2.jpg', 1, 1),
(220, 13, "Deluxe Burger / Sandwich", "Toasted gourmet bun stacked with fresh patties and molten cheese.", 210.00, "Quick Bites", 'assets/images/menu/r13_item3.jpg', 1, 1),
(221, 13, "Loaded Pizza / Flatbread", "Freshly baked crust overflowing with premium toppings and cheese.", 380.00, "Main Course", 'assets/images/menu/r13_item4.jpg', 1, 1),
(222, 13, "Spicy Biryani / Rice Bowl", "Fragrant basmati rice slow cooked with aromatic herbs.", 290.00, "Rice", 'assets/images/menu/r13_item5.jpg', 1, 1),
(223, 13, "Hakka Noodles / Pasta", "Wok tossed noodles or Italian pasta smothered in rich sauce.", 230.00, "Noodles & Pasta", 'assets/images/menu/r13_item6.jpg', 1, 1),
(224, 13, "Crispy French Fries", "Golden shoestring fries seasoned with sea salt.", 110.00, "Sides", 'assets/images/menu/r13_item7.jpg', 1, 1),
(225, 13, "Garlic Bread / Roll", "Warm toasted bread infused with rich herb garlic butter.", 130.00, "Sides", 'assets/images/menu/r13_item8.jpg', 1, 1),
(226, 13, "Loaded Nachos / Wraps", "Crunchy tortilla chips or soft wraps stuffed with spicy fillings.", 200.00, "Snacks", 'assets/images/menu/r13_item9.jpg', 1, 1),
(227, 13, "Sweet Corn / Cream Soup", "Warming comforting bowl of freshly simmered broth.", 120.00, "Soups", 'assets/images/menu/r13_item10.jpg', 1, 1),
(228, 13, "Exotic Garden Salad", "Fresh crisp leafy greens tossed with cherry tomatoes and dressing.", 170.00, "Salads", 'assets/images/menu/r13_item11.jpg', 1, 1),
(229, 13, "Decadent Chocolate Cake", "Warm moist chocolate fudge cake slice.", 160.00, "Desserts", 'assets/images/menu/r13_item12.jpg', 1, 1),
(230, 13, "Creamy Ice Cream Scoop", "Double scoop of rich vanilla or chocolate dairy ice cream.", 120.00, "Desserts", 'assets/images/menu/r13_item13.jpg', 1, 1),
(231, 13, "Thick Chocolate Shake", "Creamy blended dairy milkshake topped with whipped cream.", 170.00, "Beverages", 'assets/images/menu/r13_item14.jpg', 1, 1),
(232, 13, "Handcrafted Iced Coffee", "Chilled brewed espresso poured over cold milk and ice.", 150.00, "Beverages", 'assets/images/menu/r13_item15.jpg', 1, 1),
(233, 13, "Fresh Lime Soda", "Refreshing fizzy drink of lime juice, sugar, salt, and soda.", 90.00, "Beverages", 'assets/images/menu/r13_item16.jpg', 1, 1),
(234, 13, "Chilled Soft Drink", "Standard refreshing 330ml carbonated beverage.", 60.00, "Beverages", 'assets/images/menu/r13_item17.jpg', 1, 1),
(235, 14, "Beijing Bites Speciality Dish 1", "Chef's signature special delicacy crafted with authentic spices.", 280.00, "Main Course", 'assets/images/menu/r14_item0.jpg', 1, 1),
(236, 14, "Beijing Bites Speciality Dish 2", "Popular customer favourite loaded with rich flavours.", 320.00, "Main Course", 'assets/images/menu/r14_item1.jpg', 1, 1),
(237, 14, "Crispy Starter", "Deep fried crunchy appetiser served with signature dipping sauce.", 190.00, "Starters", 'assets/images/menu/r14_item2.jpg', 1, 1),
(238, 14, "Deluxe Burger / Sandwich", "Toasted gourmet bun stacked with fresh patties and molten cheese.", 210.00, "Quick Bites", 'assets/images/menu/r14_item3.jpg', 1, 1),
(239, 14, "Loaded Pizza / Flatbread", "Freshly baked crust overflowing with premium toppings and cheese.", 380.00, "Main Course", 'assets/images/menu/r14_item4.jpg', 1, 1),
(240, 14, "Spicy Biryani / Rice Bowl", "Fragrant basmati rice slow cooked with aromatic herbs.", 290.00, "Rice", 'assets/images/menu/r14_item5.jpg', 1, 1),
(241, 14, "Hakka Noodles / Pasta", "Wok tossed noodles or Italian pasta smothered in rich sauce.", 230.00, "Noodles & Pasta", 'assets/images/menu/r14_item6.jpg', 1, 1),
(242, 14, "Crispy French Fries", "Golden shoestring fries seasoned with sea salt.", 110.00, "Sides", 'assets/images/menu/r14_item7.jpg', 1, 1),
(243, 14, "Garlic Bread / Roll", "Warm toasted bread infused with rich herb garlic butter.", 130.00, "Sides", 'assets/images/menu/r14_item8.jpg', 1, 1),
(244, 14, "Loaded Nachos / Wraps", "Crunchy tortilla chips or soft wraps stuffed with spicy fillings.", 200.00, "Snacks", 'assets/images/menu/r14_item9.jpg', 1, 1),
(245, 14, "Sweet Corn / Cream Soup", "Warming comforting bowl of freshly simmered broth.", 120.00, "Soups", 'assets/images/menu/r14_item10.jpg', 1, 1),
(246, 14, "Exotic Garden Salad", "Fresh crisp leafy greens tossed with cherry tomatoes and dressing.", 170.00, "Salads", 'assets/images/menu/r14_item11.jpg', 1, 1),
(247, 14, "Decadent Chocolate Cake", "Warm moist chocolate fudge cake slice.", 160.00, "Desserts", 'assets/images/menu/r14_item12.jpg', 1, 1),
(248, 14, "Creamy Ice Cream Scoop", "Double scoop of rich vanilla or chocolate dairy ice cream.", 120.00, "Desserts", 'assets/images/menu/r14_item13.jpg', 1, 1),
(249, 14, "Thick Chocolate Shake", "Creamy blended dairy milkshake topped with whipped cream.", 170.00, "Beverages", 'assets/images/menu/r14_item14.jpg', 1, 1),
(250, 14, "Handcrafted Iced Coffee", "Chilled brewed espresso poured over cold milk and ice.", 150.00, "Beverages", 'assets/images/menu/r14_item15.jpg', 1, 1),
(251, 14, "Fresh Lime Soda", "Refreshing fizzy drink of lime juice, sugar, salt, and soda.", 90.00, "Beverages", 'assets/images/menu/r14_item16.jpg', 1, 1),
(252, 14, "Chilled Soft Drink", "Standard refreshing 330ml carbonated beverage.", 60.00, "Beverages", 'assets/images/menu/r14_item17.jpg', 1, 1),
(253, 15, "WOW Momo Speciality Dish 1", "Chef's signature special delicacy crafted with authentic spices.", 280.00, "Main Course", 'assets/images/menu/r15_item0.jpg', 1, 1),
(254, 15, "WOW Momo Speciality Dish 2", "Popular customer favourite loaded with rich flavours.", 320.00, "Main Course", 'assets/images/menu/r15_item1.jpg', 1, 1),
(255, 15, "Crispy Starter", "Deep fried crunchy appetiser served with signature dipping sauce.", 190.00, "Starters", 'assets/images/menu/r15_item2.jpg', 1, 1),
(256, 15, "Deluxe Burger / Sandwich", "Toasted gourmet bun stacked with fresh patties and molten cheese.", 210.00, "Quick Bites", 'assets/images/menu/r15_item3.jpg', 1, 1),
(257, 15, "Loaded Pizza / Flatbread", "Freshly baked crust overflowing with premium toppings and cheese.", 380.00, "Main Course", 'assets/images/menu/r15_item4.jpg', 1, 1),
(258, 15, "Spicy Biryani / Rice Bowl", "Fragrant basmati rice slow cooked with aromatic herbs.", 290.00, "Rice", 'assets/images/menu/r15_item5.jpg', 1, 1),
(259, 15, "Hakka Noodles / Pasta", "Wok tossed noodles or Italian pasta smothered in rich sauce.", 230.00, "Noodles & Pasta", 'assets/images/menu/r15_item6.jpg', 1, 1),
(260, 15, "Crispy French Fries", "Golden shoestring fries seasoned with sea salt.", 110.00, "Sides", 'assets/images/menu/r15_item7.jpg', 1, 1),
(261, 15, "Garlic Bread / Roll", "Warm toasted bread infused with rich herb garlic butter.", 130.00, "Sides", 'assets/images/menu/r15_item8.jpg', 1, 1),
(262, 15, "Loaded Nachos / Wraps", "Crunchy tortilla chips or soft wraps stuffed with spicy fillings.", 200.00, "Snacks", 'assets/images/menu/r15_item9.jpg', 1, 1),
(263, 15, "Sweet Corn / Cream Soup", "Warming comforting bowl of freshly simmered broth.", 120.00, "Soups", 'assets/images/menu/r15_item10.jpg', 1, 1),
(264, 15, "Exotic Garden Salad", "Fresh crisp leafy greens tossed with cherry tomatoes and dressing.", 170.00, "Salads", 'assets/images/menu/r15_item11.jpg', 1, 1),
(265, 15, "Decadent Chocolate Cake", "Warm moist chocolate fudge cake slice.", 160.00, "Desserts", 'assets/images/menu/r15_item12.jpg', 1, 1),
(266, 15, "Creamy Ice Cream Scoop", "Double scoop of rich vanilla or chocolate dairy ice cream.", 120.00, "Desserts", 'assets/images/menu/r15_item13.jpg', 1, 1),
(267, 15, "Thick Chocolate Shake", "Creamy blended dairy milkshake topped with whipped cream.", 170.00, "Beverages", 'assets/images/menu/r15_item14.jpg', 1, 1),
(268, 15, "Handcrafted Iced Coffee", "Chilled brewed espresso poured over cold milk and ice.", 150.00, "Beverages", 'assets/images/menu/r15_item15.jpg', 1, 1),
(269, 15, "Fresh Lime Soda", "Refreshing fizzy drink of lime juice, sugar, salt, and soda.", 90.00, "Beverages", 'assets/images/menu/r15_item16.jpg', 1, 1),
(270, 15, "Chilled Soft Drink", "Standard refreshing 330ml carbonated beverage.", 60.00, "Beverages", 'assets/images/menu/r15_item17.jpg', 1, 1),
(271, 16, "Baskin Robbins Speciality Dish 1", "Chef's signature special delicacy crafted with authentic spices.", 280.00, "Main Course", 'assets/images/menu/r16_item0.jpg', 1, 1),
(272, 16, "Baskin Robbins Speciality Dish 2", "Popular customer favourite loaded with rich flavours.", 320.00, "Main Course", 'assets/images/menu/r16_item1.jpg', 1, 1),
(273, 16, "Crispy Starter", "Deep fried crunchy appetiser served with signature dipping sauce.", 190.00, "Starters", 'assets/images/menu/r16_item2.jpg', 1, 1),
(274, 16, "Deluxe Burger / Sandwich", "Toasted gourmet bun stacked with fresh patties and molten cheese.", 210.00, "Quick Bites", 'assets/images/menu/r16_item3.jpg', 1, 1),
(275, 16, "Loaded Pizza / Flatbread", "Freshly baked crust overflowing with premium toppings and cheese.", 380.00, "Main Course", 'assets/images/menu/r16_item4.jpg', 1, 1),
(276, 16, "Spicy Biryani / Rice Bowl", "Fragrant basmati rice slow cooked with aromatic herbs.", 290.00, "Rice", 'assets/images/menu/r16_item5.jpg', 1, 1),
(277, 16, "Hakka Noodles / Pasta", "Wok tossed noodles or Italian pasta smothered in rich sauce.", 230.00, "Noodles & Pasta", 'assets/images/menu/r16_item6.jpg', 1, 1),
(278, 16, "Crispy French Fries", "Golden shoestring fries seasoned with sea salt.", 110.00, "Sides", 'assets/images/menu/r16_item7.jpg', 1, 1),
(279, 16, "Garlic Bread / Roll", "Warm toasted bread infused with rich herb garlic butter.", 130.00, "Sides", 'assets/images/menu/r16_item8.jpg', 1, 1),
(280, 16, "Loaded Nachos / Wraps", "Crunchy tortilla chips or soft wraps stuffed with spicy fillings.", 200.00, "Snacks", 'assets/images/menu/r16_item9.jpg', 1, 1),
(281, 16, "Sweet Corn / Cream Soup", "Warming comforting bowl of freshly simmered broth.", 120.00, "Soups", 'assets/images/menu/r16_item10.jpg', 1, 1),
(282, 16, "Exotic Garden Salad", "Fresh crisp leafy greens tossed with cherry tomatoes and dressing.", 170.00, "Salads", 'assets/images/menu/r16_item11.jpg', 1, 1),
(283, 16, "Decadent Chocolate Cake", "Warm moist chocolate fudge cake slice.", 160.00, "Desserts", 'assets/images/menu/r16_item12.jpg', 1, 1),
(284, 16, "Creamy Ice Cream Scoop", "Double scoop of rich vanilla or chocolate dairy ice cream.", 120.00, "Desserts", 'assets/images/menu/r16_item13.jpg', 1, 1),
(285, 16, "Thick Chocolate Shake", "Creamy blended dairy milkshake topped with whipped cream.", 170.00, "Beverages", 'assets/images/menu/r16_item14.jpg', 1, 1),
(286, 16, "Handcrafted Iced Coffee", "Chilled brewed espresso poured over cold milk and ice.", 150.00, "Beverages", 'assets/images/menu/r16_item15.jpg', 1, 1),
(287, 16, "Fresh Lime Soda", "Refreshing fizzy drink of lime juice, sugar, salt, and soda.", 90.00, "Beverages", 'assets/images/menu/r16_item16.jpg', 1, 1),
(288, 16, "Chilled Soft Drink", "Standard refreshing 330ml carbonated beverage.", 60.00, "Beverages", 'assets/images/menu/r16_item17.jpg', 1, 1),
(289, 17, "California Burrito Speciality Dish 1", "Chef's signature special delicacy crafted with authentic spices.", 280.00, "Main Course", 'assets/images/menu/r17_item0.jpg', 1, 1),
(290, 17, "California Burrito Speciality Dish 2", "Popular customer favourite loaded with rich flavours.", 320.00, "Main Course", 'assets/images/menu/r17_item1.jpg', 1, 1),
(291, 17, "Crispy Starter", "Deep fried crunchy appetiser served with signature dipping sauce.", 190.00, "Starters", 'assets/images/menu/r17_item2.jpg', 1, 1),
(292, 17, "Deluxe Burger / Sandwich", "Toasted gourmet bun stacked with fresh patties and molten cheese.", 210.00, "Quick Bites", 'assets/images/menu/r17_item3.jpg', 1, 1),
(293, 17, "Loaded Pizza / Flatbread", "Freshly baked crust overflowing with premium toppings and cheese.", 380.00, "Main Course", 'assets/images/menu/r17_item4.jpg', 1, 1),
(294, 17, "Spicy Biryani / Rice Bowl", "Fragrant basmati rice slow cooked with aromatic herbs.", 290.00, "Rice", 'assets/images/menu/r17_item5.jpg', 1, 1),
(295, 17, "Hakka Noodles / Pasta", "Wok tossed noodles or Italian pasta smothered in rich sauce.", 230.00, "Noodles & Pasta", 'assets/images/menu/r17_item6.jpg', 1, 1),
(296, 17, "Crispy French Fries", "Golden shoestring fries seasoned with sea salt.", 110.00, "Sides", 'assets/images/menu/r17_item7.jpg', 1, 1),
(297, 17, "Garlic Bread / Roll", "Warm toasted bread infused with rich herb garlic butter.", 130.00, "Sides", 'assets/images/menu/r17_item8.jpg', 1, 1),
(298, 17, "Loaded Nachos / Wraps", "Crunchy tortilla chips or soft wraps stuffed with spicy fillings.", 200.00, "Snacks", 'assets/images/menu/r17_item9.jpg', 1, 1),
(299, 17, "Sweet Corn / Cream Soup", "Warming comforting bowl of freshly simmered broth.", 120.00, "Soups", 'assets/images/menu/r17_item10.jpg', 1, 1),
(300, 17, "Exotic Garden Salad", "Fresh crisp leafy greens tossed with cherry tomatoes and dressing.", 170.00, "Salads", 'assets/images/menu/r17_item11.jpg', 1, 1),
(301, 17, "Decadent Chocolate Cake", "Warm moist chocolate fudge cake slice.", 160.00, "Desserts", 'assets/images/menu/r17_item12.jpg', 1, 1),
(302, 17, "Creamy Ice Cream Scoop", "Double scoop of rich vanilla or chocolate dairy ice cream.", 120.00, "Desserts", 'assets/images/menu/r17_item13.jpg', 1, 1),
(303, 17, "Thick Chocolate Shake", "Creamy blended dairy milkshake topped with whipped cream.", 170.00, "Beverages", 'assets/images/menu/r17_item14.jpg', 1, 1),
(304, 17, "Handcrafted Iced Coffee", "Chilled brewed espresso poured over cold milk and ice.", 150.00, "Beverages", 'assets/images/menu/r17_item15.jpg', 1, 1),
(305, 17, "Fresh Lime Soda", "Refreshing fizzy drink of lime juice, sugar, salt, and soda.", 90.00, "Beverages", 'assets/images/menu/r17_item16.jpg', 1, 1),
(306, 17, "Chilled Soft Drink", "Standard refreshing 330ml carbonated beverage.", 60.00, "Beverages", 'assets/images/menu/r17_item17.jpg', 1, 1),
(307, 18, "Truffles Speciality Dish 1", "Chef's signature special delicacy crafted with authentic spices.", 280.00, "Main Course", 'assets/images/menu/r18_item0.jpg', 1, 1),
(308, 18, "Truffles Speciality Dish 2", "Popular customer favourite loaded with rich flavours.", 320.00, "Main Course", 'assets/images/menu/r18_item1.jpg', 1, 1),
(309, 18, "Crispy Starter", "Deep fried crunchy appetiser served with signature dipping sauce.", 190.00, "Starters", 'assets/images/menu/r18_item2.jpg', 1, 1),
(310, 18, "Deluxe Burger / Sandwich", "Toasted gourmet bun stacked with fresh patties and molten cheese.", 210.00, "Quick Bites", 'assets/images/menu/r18_item3.jpg', 1, 1),
(311, 18, "Loaded Pizza / Flatbread", "Freshly baked crust overflowing with premium toppings and cheese.", 380.00, "Main Course", 'assets/images/menu/r18_item4.jpg', 1, 1),
(312, 18, "Spicy Biryani / Rice Bowl", "Fragrant basmati rice slow cooked with aromatic herbs.", 290.00, "Rice", 'assets/images/menu/r18_item5.jpg', 1, 1),
(313, 18, "Hakka Noodles / Pasta", "Wok tossed noodles or Italian pasta smothered in rich sauce.", 230.00, "Noodles & Pasta", 'assets/images/menu/r18_item6.jpg', 1, 1),
(314, 18, "Crispy French Fries", "Golden shoestring fries seasoned with sea salt.", 110.00, "Sides", 'assets/images/menu/r18_item7.jpg', 1, 1),
(315, 18, "Garlic Bread / Roll", "Warm toasted bread infused with rich herb garlic butter.", 130.00, "Sides", 'assets/images/menu/r18_item8.jpg', 1, 1),
(316, 18, "Loaded Nachos / Wraps", "Crunchy tortilla chips or soft wraps stuffed with spicy fillings.", 200.00, "Snacks", 'assets/images/menu/r18_item9.jpg', 1, 1),
(317, 18, "Sweet Corn / Cream Soup", "Warming comforting bowl of freshly simmered broth.", 120.00, "Soups", 'assets/images/menu/r18_item10.jpg', 1, 1),
(318, 18, "Exotic Garden Salad", "Fresh crisp leafy greens tossed with cherry tomatoes and dressing.", 170.00, "Salads", 'assets/images/menu/r18_item11.jpg', 1, 1),
(319, 18, "Decadent Chocolate Cake", "Warm moist chocolate fudge cake slice.", 160.00, "Desserts", 'assets/images/menu/r18_item12.jpg', 1, 1),
(320, 18, "Creamy Ice Cream Scoop", "Double scoop of rich vanilla or chocolate dairy ice cream.", 120.00, "Desserts", 'assets/images/menu/r18_item13.jpg', 1, 1),
(321, 18, "Thick Chocolate Shake", "Creamy blended dairy milkshake topped with whipped cream.", 170.00, "Beverages", 'assets/images/menu/r18_item14.jpg', 1, 1),
(322, 18, "Handcrafted Iced Coffee", "Chilled brewed espresso poured over cold milk and ice.", 150.00, "Beverages", 'assets/images/menu/r18_item15.jpg', 1, 1),
(323, 18, "Fresh Lime Soda", "Refreshing fizzy drink of lime juice, sugar, salt, and soda.", 90.00, "Beverages", 'assets/images/menu/r18_item16.jpg', 1, 1),
(324, 18, "Chilled Soft Drink", "Standard refreshing 330ml carbonated beverage.", 60.00, "Beverages", 'assets/images/menu/r18_item17.jpg', 1, 1),
(325, 19, "A2B Speciality Dish 1", "Chef's signature special delicacy crafted with authentic spices.", 280.00, "Main Course", 'assets/images/menu/r19_item0.jpg', 1, 1),
(326, 19, "A2B Speciality Dish 2", "Popular customer favourite loaded with rich flavours.", 320.00, "Main Course", 'assets/images/menu/r19_item1.jpg', 1, 1),
(327, 19, "Crispy Starter", "Deep fried crunchy appetiser served with signature dipping sauce.", 190.00, "Starters", 'assets/images/menu/r19_item2.jpg', 1, 1),
(328, 19, "Deluxe Burger / Sandwich", "Toasted gourmet bun stacked with fresh patties and molten cheese.", 210.00, "Quick Bites", 'assets/images/menu/r19_item3.jpg', 1, 1),
(329, 19, "Loaded Pizza / Flatbread", "Freshly baked crust overflowing with premium toppings and cheese.", 380.00, "Main Course", 'assets/images/menu/r19_item4.jpg', 1, 1),
(330, 19, "Spicy Biryani / Rice Bowl", "Fragrant basmati rice slow cooked with aromatic herbs.", 290.00, "Rice", 'assets/images/menu/r19_item5.jpg', 1, 1),
(331, 19, "Hakka Noodles / Pasta", "Wok tossed noodles or Italian pasta smothered in rich sauce.", 230.00, "Noodles & Pasta", 'assets/images/menu/r19_item6.jpg', 1, 1),
(332, 19, "Crispy French Fries", "Golden shoestring fries seasoned with sea salt.", 110.00, "Sides", 'assets/images/menu/r19_item7.jpg', 1, 1),
(333, 19, "Garlic Bread / Roll", "Warm toasted bread infused with rich herb garlic butter.", 130.00, "Sides", 'assets/images/menu/r19_item8.jpg', 1, 1),
(334, 19, "Loaded Nachos / Wraps", "Crunchy tortilla chips or soft wraps stuffed with spicy fillings.", 200.00, "Snacks", 'assets/images/menu/r19_item9.jpg', 1, 1),
(335, 19, "Sweet Corn / Cream Soup", "Warming comforting bowl of freshly simmered broth.", 120.00, "Soups", 'assets/images/menu/r19_item10.jpg', 1, 1),
(336, 19, "Exotic Garden Salad", "Fresh crisp leafy greens tossed with cherry tomatoes and dressing.", 170.00, "Salads", 'assets/images/menu/r19_item11.jpg', 1, 1),
(337, 19, "Decadent Chocolate Cake", "Warm moist chocolate fudge cake slice.", 160.00, "Desserts", 'assets/images/menu/r19_item12.jpg', 1, 1),
(338, 19, "Creamy Ice Cream Scoop", "Double scoop of rich vanilla or chocolate dairy ice cream.", 120.00, "Desserts", 'assets/images/menu/r19_item13.jpg', 1, 1),
(339, 19, "Thick Chocolate Shake", "Creamy blended dairy milkshake topped with whipped cream.", 170.00, "Beverages", 'assets/images/menu/r19_item14.jpg', 1, 1),
(340, 19, "Handcrafted Iced Coffee", "Chilled brewed espresso poured over cold milk and ice.", 150.00, "Beverages", 'assets/images/menu/r19_item15.jpg', 1, 1),
(341, 19, "Fresh Lime Soda", "Refreshing fizzy drink of lime juice, sugar, salt, and soda.", 90.00, "Beverages", 'assets/images/menu/r19_item16.jpg', 1, 1),
(342, 19, "Chilled Soft Drink", "Standard refreshing 330ml carbonated beverage.", 60.00, "Beverages", 'assets/images/menu/r19_item17.jpg', 1, 1);

INSERT INTO cart (cart_id, user_id) VALUES (1, 2), (2, 3);

INSERT INTO cart_items (cart_id, food_id, quantity) VALUES
(1, 1, 1),
(1, 5, 2),
(1, 4, 3),
(2, 20, 1),
(2, 22, 2);

INSERT INTO orders (order_id, user_id, total_amount, delivery_address, status, payment_method) VALUES
(1, 2, 720.00, '42, Koramangala 5th Block, Bangalore - 560095', 'DELIVERED', 'COD'),
(2, 3, 590.00, '17, Indiranagar 12th Main, Bangalore - 560038', 'PREPARING', 'UPI'),
(3, 2, 580.00, '42, Koramangala 5th Block, Bangalore - 560095', 'PLACED', 'CARD'),
(4, 4, 580.00, '8, HSR Layout Sector 2, Bangalore - 560102', 'OUT_FOR_DELIVERY', 'COD');

INSERT INTO order_items (order_id, food_id, quantity, unit_price) VALUES
(1, 1, 2, 280.00),
(1, 4, 4,  40.00),
(2, 7,  1, 350.00),
(2, 10, 2, 120.00),
(3, 13, 2, 180.00),
(3, 18, 1, 220.00),
(4, 21, 1, 250.00),
(4, 22, 2,  90.00),
(4, 24, 1, 150.00);

INSERT INTO payments (order_id, user_id, amount, payment_method, transaction_id, status) VALUES
(1, 2, 720.00, 'COD',  'COD-1',           'SUCCESS'),
(2, 3, 590.00, 'UPI',  'UPI-TXN-8374623', 'SUCCESS'),
(3, 2, 580.00, 'CARD', NULL,              'PENDING'),
(4, 4, 580.00, 'COD',  'COD-4',           'SUCCESS');

SET FOREIGN_KEY_CHECKS = 1;
